id,name,description,latitude,longitude,stationOwner,state,updatedTime,additionalDataObject,gaugeList,stationWaterLevelStatisticsType
380,Denby,,50.47965214144801,-4.795632626910022,3,0,2019-03-12T16:29:18.047,"{'stationReference': '49109', 'catchmentName': 'North Cornwall', 'riverName': 'River Camel', 'elevation': 21, 'stationType': 'S', 'region': 'South West', 'ordinal': 200, 'riverGroupingId': 0, 'riverGroupingName': 'River Camel', 'siteId': '3153', 'stageDatum': '4.539', 'dateOpen': '1964-08-11T00:00:00', 'town': 'Denby', 'areaName': 'South West - Devon and Cornwall', 'rloIid': '3153', 'notation': '49109', 'wiskiID': 'SX06F058'}","[{'id': 388, 'geoEntityId': 380, 'dataTypeId': 3, 'dataType': 'WaterLevel|Stage', 'currentValue': 1.359, 'currentValueTime': '2019-03-12T16:00:00', 'updatedTime': '2019-03-12T16:29:18.047', 'units': 'm', 'updatePeriod': 'Unspecified', 'state': 2, 'waterLevelStatisticsType': 4, 'additionalDataObject': {'porMax': 3.88, 'datePORMax': '1993-06-12T15:15:00', 'porMin': 0.36, 'percentile95': 0.442, 'percentile5': 2.3, 'recentHighest': 3.363, 'dateHighest': '2012-12-22T12:00:00', 'datePORMin': '1995-08-11T06:00:00'}, 'twitterAccounts': [{'twitterApplication': 1, 'twitterUrl': 'http://twitter.com/riverlevel_0347', 'timelineWidgetId': '558317379126824960'}]}]",4
382,Helebridge,,50.806426509528855,-4.53645942100034,3,0,2024-07-10T10:38:41.86,"{'stationReference': '49111', 'catchmentName': 'North Cornwall', 'riverName': 'River Neet', 'elevation': 8, 'stationType': 'S', 'region': 'South West', 'ordinal': 100, 'riverGroupingId': 0, 'riverGroupingName': 'River Neet', 'siteId': '3151', 'stageDatum': '9.17', 'dateOpen': '1997-01-01T00:00:00', 'town': 'Marhamchurch', 'areaName': 'South West - Devon and Cornwall', 'rloIid': '3151', 'notation': '49111', 'wiskiID': 'S27575_FW'}","[{'id': 390, 'geoEntityId': 382, 'dataTypeId': 3, 'dataType': 'WaterLevel|Stage', 'currentValue': 0.047, 'currentValueTime': '2024-07-10T10:00:00', 'updatedTime': '2024-07-10T10:38:41.86', 'units': 'm', 'updatePeriod': 'Unspecified', 'state': 1, 'waterLevelStatisticsType': 3, 'additionalDataObject': {'porMax': 1.284, 'datePORMax': '2004-08-16T17:45:00', 'porMin': 0.0, 'percentile95': 0.051, 'percentile5': 0.45, 'recentHighest': 0.924, 'dateHighest': '2012-12-22T06:30:00', 'datePORMin': '2008-05-02T10:45:00'}, 'twitterAccounts': [{'twitterApplication': 1, 'twitterUrl': 'http://twitter.com/riverlevel_0349', 'timelineWidgetId': '558319784740528128'}]}]",3
384,Bush,,50.84448721946478,-4.509159997600046,3,0,2024-07-10T06:34:57.52,"{'stationReference': '49113', 'catchmentName': 'North Cornwall', 'riverName': 'River Strat', 'elevation': 65, 'stationType': 'S', 'region': 'South West', 'ordinal': 0, 'siteId': '3149', 'stageDatum': '53.57', 'dateOpen': '1997-01-01T00:00:00', 'town': 'Stratton', 'areaName': 'South West - Devon and Cornwall', 'rloIid': '3149', 'notation': '49113', 'wiskiID': 'S27573_FW'}","[{'id': 391, 'geoEntityId': 384, 'dataTypeId': 3, 'dataType': 'WaterLevel|Stage', 'currentValue': 0.258, 'currentValueTime': '2024-07-10T06:00:00', 'updatedTime': '2024-07-10T06:34:57.52', 'units': 'm', 'updatePeriod': 'Unspecified', 'state': 2, 'waterLevelStatisticsType': 2, 'additionalDataObject': {'porMax': 1.589, 'datePORMax': '1999-12-18T20:15:00', 'porMin': 0.08, 'percentile95': 0.18, 'percentile5': 1.0, 'recentHighest': 1.512, 'dateHighest': '2012-12-22T05:00:00', 'datePORMin': '1999-07-13T11:00:00'}, 'twitterAccounts': [{'twitterApplication': 1, 'twitterUrl': 'http://twitter.com/riverlevel_0350', 'timelineWidgetId': '559472106208264192'}]}]",2
386,Padstow,,50.541745172395885,-4.936932228054687,3,0,2024-07-10T04:41:31.21,"{'stationReference': '49116', 'catchmentName': 'North Cornwall', 'riverName': 'North Cornwall Coast', 'elevation': 2, 'stationType': 'C', 'region': 'South West', 'ordinal': 200, 'riverGroupingId': 0, 'riverGroupingName': 'North Cornwall Coast', 'siteId': '3146', 'stageDatum': '0', 'dateOpen': '1998-02-01T00:00:00', 'town': 'Padstow', 'areaName': 'South West - Devon and Cornwall', 'rloIid': '3146', 'notation': '49116', 'wiskiID': 'T25579_FW'}","[{'id': 393, 'geoEntityId': 386, 'dataTypeId': 4, 'dataType': 'WaterLevel|TidalLevel', 'currentValue': 0.334, 'currentValueTime': '2024-07-10T04:00:00', 'updatedTime': '2024-07-10T04:41:31.21', 'units': 'mAOD', 'updatePeriod': 'Unspecified', 'state': 2, 'waterLevelStatisticsType': 4, 'additionalDataObject': {'id': 386, 'porMax': 4.777, 'stageDatum': 0.0, 'datePORMax': '2014-08-12T18:30:00'}, 'twitterAccounts': [{'twitterApplication': 1, 'twitterUrl': 'http://twitter.com/riverlevel_2413', 'timelineWidgetId': '556019798933798912'}]}]",4
387,Penvose,,50.56681859456602,-4.750514088867559,3,0,2024-07-10T04:32:55.55,"{'stationReference': '49117', 'catchmentName': 'North Cornwall', 'riverName': 'River Allen', 'elevation': 63, 'stationType': 'S', 'region': 'South West', 'ordinal': 0, 'riverGroupingId': 0, 'riverGroupingName': 'River Allen', 'siteId': '3145', 'stageDatum': '45.75', 'dateOpen': '2002-01-01T00:00:00', 'town': 'St Kew Highway', 'areaName': 'South West - Devon and Cornwall', 'rloIid': '3145', 'notation': '49117', 'wiskiID': 'E20517_FW'}","[{'id': 394, 'geoEntityId': 387, 'dataTypeId': 3, 'dataType': 'WaterLevel|Stage', 'currentValue': 0.114, 'currentValueTime': '2024-07-10T04:00:00', 'updatedTime': '2024-07-10T04:32:55.55', 'units': 'm', 'updatePeriod': 'Unspecified', 'state': 3, 'waterLevelStatisticsType': 2, 'additionalDataObject': {'porMax': 1.224, 'datePORMax': '2012-12-22T05:45:00', 'porMin': 0.0, 'percentile95': 0.053, 'percentile5': 0.8, 'recentHighest': 1.224, 'dateHighest': '2012-12-22T05:45:00', 'datePORMin': '2010-07-11T19:15:00'}, 'twitterAccounts': None}]",2
391,Wadebridge,,50.516703974125264,-4.834982919411954,3,0,2024-07-10T04:36:23.353,"{'stationReference': '49122', 'catchmentName': 'North Cornwall', 'riverName': 'North Cornwall Coast', 'elevation': 4, 'stationType': 'C', 'region': 'South West', 'ordinal': 100, 'riverGroupingId': 0, 'riverGroupingName': 'North Cornwall Coast', 'siteId': '3140', 'stageDatum': '0', 'dateOpen': '1993-10-12T00:00:00', 'town': 'Wadebridge', 'areaName': 'South West - Devon and Cornwall', 'rloIid': '3140', 'notation': '49122', 'wiskiID': 'T25778_FW'}","[{'id': 398, 'geoEntityId': 391, 'dataTypeId': 4, 'dataType': 'WaterLevel|TidalLevel', 'currentValue': 1.382, 'currentValueTime': '2024-07-10T04:00:00', 'updatedTime': '2024-07-10T04:36:23.353', 'units': 'm', 'updatePeriod': 'Unspecified', 'state': 2, 'waterLevelStatisticsType': 4, 'additionalDataObject': {'id': 391, 'porMax': 4.744, 'stageDatum': 0.0, 'datePORMax': '2014-03-02T05:45:00'}, 'twitterAccounts': [{'twitterApplication': 1, 'twitterUrl': 'http://twitter.com/riverlevel_2376', 'timelineWidgetId': '556001923267301376'}]}]",4
393,De Lank,,50.558805171530366,-4.637790784819656,3,0,2024-07-10T09:34:29.83,"{'stationReference': '49129', 'catchmentName': 'North Cornwall', 'riverName': 'De Lank River', 'elevation': 229, 'stationType': 'S', 'region': 'South West', 'ordinal': 0, 'siteId': '3136', 'stageDatum': '226.28', 'dateOpen': '1969-11-01T00:00:00', 'town': 'St Breward', 'areaName': 'South West - Devon and Cornwall', 'rloIid': '3136', 'notation': '49129', 'wiskiID': 'SX17F063'}","[{'id': 400, 'geoEntityId': 393, 'dataTypeId': 3, 'dataType': 'WaterLevel|Stage', 'currentValue': 0.182, 'currentValueTime': '2024-07-10T09:00:00', 'updatedTime': '2024-07-10T09:34:29.83', 'units': 'm', 'updatePeriod': 'Unspecified', 'state': 1, 'waterLevelStatisticsType': 2, 'additionalDataObject': {'porMax': 1.561, 'datePORMax': '2010-11-17T08:30:00', 'porMin': 0.025, 'percentile95': 0.109, 'percentile5': 0.692, 'recentHighest': 1.561, 'dateHighest': '2010-11-17T08:30:00', 'datePORMin': '1975-07-06T12:45:00'}, 'twitterAccounts': None}]",2
394,Gwills,,50.39321591713996,-5.056212031076305,3,0,2024-07-10T09:34:56.163,"{'stationReference': '49130', 'catchmentName': 'North Cornwall', 'riverName': 'River Gannel', 'elevation': 11, 'stationType': 'S', 'region': 'South West', 'ordinal': 0, 'siteId': '3135', 'stageDatum': '7.645', 'dateOpen': '1969-12-01T00:00:00', 'town': 'Gwills', 'areaName': 'South West - Devon and Cornwall', 'rloIid': '3135', 'notation': '49130', 'wiskiID': 'SW85F055'}","[{'id': 401, 'geoEntityId': 394, 'dataTypeId': 3, 'dataType': 'WaterLevel|Stage', 'currentValue': 0.073, 'currentValueTime': '2024-07-10T09:00:00', 'updatedTime': '2024-07-10T09:34:56.163', 'units': 'm', 'updatePeriod': 'Unspecified', 'state': 3, 'waterLevelStatisticsType': 2, 'additionalDataObject': {'porMax': 1.586, 'datePORMax': '2012-12-22T06:30:00', 'porMin': 0.025, 'percentile95': 0.044, 'percentile5': 0.746, 'recentHighest': 1.586, 'dateHighest': '2012-12-22T06:30:00', 'datePORMin': '1984-09-19T13:15:00'}, 'twitterAccounts': [{'twitterApplication': 1, 'twitterUrl': 'http://twitter.com/riverlevel_0358', 'timelineWidgetId': '559481796728225792'}]}]",2
395,Slaughterbridge,,50.640433727666554,-4.675176806376009,3,0,2022-01-12T14:48:50.117,"{'stationReference': '49131', 'catchmentName': 'North Cornwall', 'riverName': 'River Camel', 'elevation': 211, 'stationType': 'S', 'region': 'South West', 'ordinal': 0, 'riverGroupingId': 0, 'riverGroupingName': 'River Camel', 'siteId': '3134', 'stageDatum': '204.32', 'dateOpen': '1997-01-01T00:00:00', 'town': 'Camelford', 'areaName': 'South West - Devon and Cornwall', 'rloIid': '3134', 'notation': '49131', 'wiskiID': 'S25544_FW'}","[{'id': 402, 'geoEntityId': 395, 'dataTypeId': 3, 'dataType': 'WaterLevel|Stage', 'currentValue': -0.971, 'currentValueTime': '2022-01-12T13:45:00', 'updatedTime': '2022-01-12T14:48:50.117', 'units': 'm', 'updatePeriod': 'Unspecified', 'state': 1, 'waterLevelStatisticsType': 4, 'additionalDataObject': {'porMax': 1.776, 'datePORMax': '2004-08-16T15:00:00', 'porMin': 0.303, 'percentile95': 0.343, 'percentile5': 1.0, 'recentHighest': 1.222, 'dateHighest': '2012-12-22T05:00:00', 'datePORMin': '1999-07-10T00:30:00'}, 'twitterAccounts': None}]",4
397,Sladesbridge,,50.509312935701125,-4.804804876236335,3,0,2024-07-10T06:44:06.73,"{'stationReference': '49133', 'catchmentName': 'North Cornwall', 'riverName': 'River Camel', 'elevation': 7, 'stationType': 'S', 'region': 'South West', 'ordinal': 300, 'riverGroupingId': 0, 'riverGroupingName': 'River Camel', 'siteId': '3132', 'stageDatum': '0', 'dateOpen': '2004-04-28T00:00:00', 'town': 'Sladesbridge', 'areaName': 'South West - Devon and Cornwall', 'rloIid': '3132', 'notation': '49133', 'wiskiID': 'S25545_FW'}","[{'id': 404, 'geoEntityId': 397, 'dataTypeId': 3, 'dataType': 'WaterLevel|Stage', 'currentValue': 0.1, 'currentValueTime': '2024-07-10T06:00:00', 'updatedTime': '2024-07-10T06:44:06.73', 'units': 'm', 'updatePeriod': 'Unspecified', 'state': 2, 'waterLevelStatisticsType': 2, 'additionalDataObject': {'porMax': 1.655, 'datePORMax': '2006-04-29T06:15:00', 'porMin': 0.023, 'percentile95': 0.058, 'percentile5': 1.5, 'recentHighest': 1.456, 'dateHighest': '2012-12-22T10:00:00', 'datePORMin': '2007-04-28T07:15:00'}, 'twitterAccounts': [{'twitterApplication': 1, 'twitterUrl': 'http://twitter.com/riverlevel_0361', 'timelineWidgetId': '559486969672376322'}]}]",2
398,Woolstone Mill,,50.78869392209701,-4.516343615789555,3,0,2024-07-10T06:40:51.163,"{'stationReference': '49134', 'catchmentName': 'North Cornwall', 'riverName': 'River Neet', 'elevation': 22, 'stationType': 'S', 'region': 'South West', 'ordinal': 0, 'riverGroupingId': 0, 'riverGroupingName': 'River Neet', 'siteId': '3131', 'stageDatum': '19.59', 'dateOpen': '1997-01-01T00:00:00', 'town': 'Titson', 'areaName': 'South West - Devon and Cornwall', 'rloIid': '3131', 'notation': '49134', 'wiskiID': 'S27576_FW'}","[{'id': 405, 'geoEntityId': 398, 'dataTypeId': 3, 'dataType': 'WaterLevel|Stage', 'currentValue': 0.151, 'currentValueTime': '2024-07-10T06:00:00', 'updatedTime': '2024-07-10T06:37:52.983', 'units': 'm', 'updatePeriod': 'Unspecified', 'state': 1, 'waterLevelStatisticsType': 2, 'additionalDataObject': {'porMax': 3.914, 'datePORMax': '2004-08-16T17:30:00', 'porMin': 0.046, 'percentile95': 0.045, 'percentile5': 1.3, 'recentHighest': 2.46, 'dateHighest': '2012-11-24T23:30:00', 'datePORMin': '2008-06-24T03:15:00'}, 'twitterAccounts': [{'twitterApplication': 1, 'twitterUrl': 'http://twitter.com/riverlevel_0362', 'timelineWidgetId': '558325177961164801'}]}, {'id': 13838, 'geoEntityId': 398, 'dataTypeId': 27, 'dataType': 'WaterLevel|DownstreamStage', 'currentValue': 0.463, 'currentValueTime': '2024-07-10T06:00:00', 'updatedTime': '2024-07-10T06:40:51.163', 'units': 'm', 'updatePeriod': 'Unspecified', 'state': 1, 'waterLevelStatisticsType': 4, 'additionalDataObject': {'id': 27}, 'twitterAccounts': [{'twitterApplication': 1, 'twitterUrl': 'http://twitter.com/riverlevel_0362', 'timelineWidgetId': '558325177961164801'}]}]",2
399,Bude,,50.83297422766755,-4.558848021865217,3,0,2020-06-11T06:21:38.3,"{'stationReference': '49150', 'catchmentName': 'North Cornwall', 'riverName': 'North Cornwall Coast', 'elevation': -1, 'stationType': 'C', 'region': 'South West', 'ordinal': 300, 'riverGroupingId': 0, 'riverGroupingName': 'North Cornwall Coast', 'siteId': '3130', 'stageDatum': '0', 'dateOpen': '1998-05-01T00:00:00', 'town': 'Bude', 'areaName': 'South West - Devon and Cornwall', 'rloIid': '3130', 'notation': '49150', 'wiskiID': 'S27571_FW'}","[{'id': 406, 'geoEntityId': 399, 'dataTypeId': 4, 'dataType': 'WaterLevel|TidalLevel', 'currentValue': 0.945, 'currentValueTime': '2020-06-11T06:00:00', 'updatedTime': '2020-06-11T06:21:38.3', 'units': 'm', 'updatePeriod': 'Unspecified', 'state': 3, 'waterLevelStatisticsType': 4, 'additionalDataObject': {'id': 399, 'porMax': 5.137, 'stageDatum': 0.0, 'datePORMax': '2014-01-03T06:30:00'}, 'twitterAccounts': [{'twitterApplication': 1, 'twitterUrl': 'http://twitter.com/riverlevel_2423', 'timelineWidgetId': '558091969587863552'}]}]",4
400,Bodmin Band Club,,50.47140615240565,-4.717345047061604,3,0,2024-07-10T11:11:48.783,"{'stationReference': '49152', 'catchmentName': 'North Cornwall', 'riverName': 'River Camel', 'elevation': 88, 'stationType': 'S', 'region': 'South West', 'ordinal': 100, 'riverGroupingId': 0, 'riverGroupingName': 'River Camel', 'siteId': '3129', 'stageDatum': '0', 'dateOpen': '2002-01-01T00:00:00', 'notation': '49152'}","[{'id': 407, 'geoEntityId': 400, 'dataTypeId': 3, 'dataType': 'WaterLevel|Stage', 'currentValue': 0.083, 'currentValueTime': '2024-07-10T10:30:00', 'updatedTime': '2024-07-10T11:11:48.783', 'units': 'm', 'updatePeriod': 'Unspecified', 'state': 1, 'waterLevelStatisticsType': 4, 'additionalDataObject': {'id': 3}, 'twitterAccounts': [{'twitterApplication': 1, 'twitterUrl': 'http://twitter.com/riverlevel_0363', 'timelineWidgetId': '555727044898996224'}]}]",4
1349,Boscastle New Mills,,50.6910850324743,-4.694201245097999,3,0,2024-07-10T04:50:06.32,"{'stationReference': '49124', 'catchmentName': 'North Cornwall', 'riverName': 'River Valency', 'elevation': 36, 'stationType': 'S', 'region': 'South West', 'ordinal': 200, 'siteId': '3138', 'stageDatum': '0', 'dateOpen': '2006-10-01T00:00:00', 'town': 'Boscastle', 'areaName': 'South West - Devon and Cornwall', 'rloIid': '3138', 'notation': '49124', 'wiskiID': '26A06'}","[{'id': 11219, 'geoEntityId': 1349, 'dataTypeId': 29, 'dataType': 'WaterLevel|Item1', 'currentValue': 0.897, 'currentValueTime': '2024-07-10T04:15:00', 'updatedTime': '2024-07-10T04:50:06.32', 'units': 'm', 'updatePeriod': 'Unspecified', 'state': 1, 'waterLevelStatisticsType': 4, 'additionalDataObject': {'id': 29}, 'twitterAccounts': [{'twitterApplication': 1, 'twitterUrl': 'http://twitter.com/riverlevel_1278', 'timelineWidgetId': '556978629826314240'}]}]",4
1351,Bodmin St Petrocs Well,,50.46846422093941,-4.713131490157981,3,0,2024-07-10T11:35:45.107,"{'stationReference': '49153', 'catchmentName': 'North Cornwall', 'riverName': 'Bodmin Town Leat', 'elevation': 96, 'stationType': 'S', 'region': 'South West', 'ordinal': 0, 'siteId': '3395', 'stageDatum': '0', 'dateOpen': '2010-08-14T00:00:00', 'town': 'Bodmin', 'areaName': 'South West - Devon and Cornwall', 'rloIid': '3395', 'notation': '49153', 'wiskiID': 'S25527_FW'}","[{'id': 1495, 'geoEntityId': 1351, 'dataTypeId': 3, 'dataType': 'WaterLevel|Stage', 'currentValue': 0.033, 'currentValueTime': '2024-07-10T11:00:00', 'updatedTime': '2024-07-10T11:35:45.107', 'units': 'm', 'updatePeriod': 'Unspecified', 'state': 1, 'waterLevelStatisticsType': 2, 'additionalDataObject': {'porMax': 1.288, 'datePORMax': '2010-09-06T14:15:00', 'porMin': -0.026, 'percentile95': 0.018, 'percentile5': 0.686, 'recentHighest': 1.288, 'dateHighest': '2010-09-06T14:15:00', 'datePORMin': '2012-01-25T21:15:00'}, 'twitterAccounts': [{'twitterApplication': 1, 'twitterUrl': 'http://twitter.com/riverlevel_1280', 'timelineWidgetId': '555844364526972928'}]}]",2
1352,Port Isaac,,50.58916698665518,-4.830222391217875,3,0,2024-07-10T09:42:49.993,"{'stationReference': '49170', 'catchmentName': 'North Cornwall', 'riverName': 'Coastal Stream', 'elevation': 27, 'stationType': 'S', 'region': 'South West', 'ordinal': 0, 'siteId': '3387', 'stageDatum': '0', 'dateOpen': '2006-06-30T00:00:00', 'town': 'Port Isaac', 'areaName': 'South West - Devon and Cornwall', 'rloIid': '3387', 'notation': '49170', 'wiskiID': '25A17'}","[{'id': 1496, 'geoEntityId': 1352, 'dataTypeId': 3, 'dataType': 'WaterLevel|Stage', 'currentValue': 0.175, 'currentValueTime': '2024-07-10T09:00:00', 'updatedTime': '2024-07-10T09:42:49.993', 'units': 'm', 'updatePeriod': 'Unspecified', 'state': 1, 'waterLevelStatisticsType': 2, 'additionalDataObject': {'porMax': 1.309, 'datePORMax': '2013-03-11T20:00:00', 'porMin': 0.075, 'percentile95': 0.108, 'percentile5': 0.435, 'recentHighest': 1.309, 'dateHighest': '2013-03-11T20:00:00', 'datePORMin': '2006-09-22T18:15:00'}, 'twitterAccounts': [{'twitterApplication': 1, 'twitterUrl': 'http://twitter.com/riverlevel_1281', 'timelineWidgetId': '556980571252219904'}]}]",2
8256,BOSCASTLE ANDERTON FORD,Discovered,50.6912,-4.63804,3,0,2023-11-23T04:42:19.063,"{'stationReference': '49173', 'catchmentName': 'North Cornwall', 'riverName': 'River Valency', 'stationType': 'S', 'region': 'South West', 'elevation': 208, 'ordinal': 0, 'siteId': '3401', 'stageDatum': '0', 'dateOpen': '2006-05-11T00:00:00', 'town': 'Boscastle', 'areaName': 'South West - Devon and Cornwall', 'rloIid': '3401', 'notation': '49173', 'wiskiID': '21A13'}","[{'id': 3601, 'geoEntityId': 8256, 'dataTypeId': 3, 'dataType': 'WaterLevel|Stage', 'currentValue': 0.555, 'currentValueTime': '2023-11-23T04:00:00', 'updatedTime': '2023-11-23T04:42:19.063', 'units': 'm', 'updatePeriod': 'Unspecified', 'state': 2, 'waterLevelStatisticsType': 4, 'additionalDataObject': {'porMax': 0.94, 'datePORMax': '2008-12-13T01:00:00', 'porMin': -0.106, 'percentile95': 0.011, 'percentile5': 0.73, 'recentHighest': 0.822, 'dateHighest': '2012-11-24T20:15:00', 'datePORMin': '2013-07-21T18:45:00'}, 'twitterAccounts': [{'twitterApplication': 1, 'twitterUrl': 'http://twitter.com/riverlevel_2073', 'timelineWidgetId': '560590045229641729'}]}]",4
8340,BOSCASTLE COUNTY BRIDGE,Discovered,50.6899,-4.69303,3,0,2024-07-10T04:52:59.603,"{'stationReference': '49174', 'catchmentName': 'North Cornwall', 'riverName': 'River Valency', 'stationType': 'S', 'region': 'South West', 'elevation': 110, 'ordinal': 100, 'siteId': '3402', 'stageDatum': '0', 'dateOpen': '2011-04-01T00:00:00', 'town': 'Boscastle', 'areaName': 'South West - Devon and Cornwall', 'rloIid': '3402', 'notation': '49174', 'wiskiID': '26A04'}","[{'id': 3683, 'geoEntityId': 8340, 'dataTypeId': 3, 'dataType': 'WaterLevel|Stage', 'currentValue': 0.292, 'currentValueTime': '2024-07-10T04:15:00', 'updatedTime': '2024-07-10T04:52:59.603', 'units': 'm', 'updatePeriod': 'Unspecified', 'state': 1, 'waterLevelStatisticsType': 2, 'additionalDataObject': {'porMax': 1.06, 'datePORMax': '2012-12-22T05:30:00', 'porMin': 0.052, 'percentile95': 0.102, 'percentile5': 1.0, 'recentHighest': 1.259, 'dateHighest': '2014-01-20T12:45:00', 'datePORMin': '2011-09-01T19:45:00'}, 'twitterAccounts': [{'twitterApplication': 1, 'twitterUrl': 'http://twitter.com/riverlevel_2079', 'timelineWidgetId': '555279147573211136'}]}]",2
16446,Nanstallon,Imported  ,50.472778,-4.783056,44,0,2022-03-01T00:50:38.11,"{'stationReference': 'FD_00004', 'farsonId': '4', 'code': 'camel', 'region': 'South West', 'riverName': 'Camel', 'catchmentName': 'North Cornwall', 'urlName': 'nanstallon', 'riverGroupingName': 'River Camel', 'riverGroupingId': 0, 'ordinal': 180}","[{'id': 12166, 'geoEntityId': 16446, 'dataTypeId': 44, 'dataType': 'Camera|Image', 'currentValue': 0.0, 'currentValueTime': '2022-02-28T12:00:00', 'updatedTime': '2022-03-01T00:50:38.11', 'units': 'Image', 'updatePeriod': 'Daily', 'state': 1, 'waterLevelStatisticsType': 0, 'additionalDataObject': {'id': '44'}, 'twitterAccounts': None}]",4
17891,BODMIN DUNMERE,Discovered,50.47414027529137,-4.757109222533459,3,0,2024-07-10T08:11:46.24,"{'stationReference': '49182', 'region': 'South West', 'notation': '49182', 'catchmentName': 'North Cornwall', 'riverName': 'River Camel', 'stageDatum': 0.0, 'dateOpen': '2015-04-23T00:00:00', 'town': 'Bodmin', 'areaName': 'South West - Devon and Cornwall', 'rloIid': '9149', 'wiskiID': 'SX06F057', 'ordinal': 150, 'riverGroupingId': 0, 'riverGroupingName': 'River Camel'}","[{'id': 13596, 'geoEntityId': 17891, 'dataTypeId': 3, 'dataType': 'WaterLevel|Stage', 'currentValue': 0.997, 'currentValueTime': '2024-07-10T07:30:00', 'updatedTime': '2024-07-10T08:11:46.24', 'units': 'm', 'updatePeriod': 'Unspecified', 'state': 3, 'waterLevelStatisticsType': 2, 'additionalDataObject': {'id': 3, 'porMax': 2.646, 'datePORMax': '2016-01-02T05:00:00', 'porMin': 0.849, 'datePORMin': '2015-07-23T00:30:00', 'percentile95': 0.75, 'percentile5': 2.4}, 'twitterAccounts': None}]",2
355,Rose in Vale,,50.31200048464368,-5.166148327483094,3,0,2024-07-10T04:36:36.52,"{'stationReference': '48107', 'catchmentName': 'West Cornwall', 'riverName': 'Perrancombe Stream', 'elevation': 73, 'stationType': 'S', 'region': 'South West', 'ordinal': 0, 'riverGroupingId': 0, 'riverGroupingName': 'Perrancombe Stream', 'siteId': '3175', 'stageDatum': '59.31', 'dateOpen': '2011-08-23T00:00:00', 'town': 'Mithian', 'areaName': 'South West - Devon and Cornwall', 'rloIid': '3175', 'notation': '48107', 'wiskiID': 'S23535_FW'}","[{'id': 365, 'geoEntityId': 355, 'dataTypeId': 3, 'dataType': 'WaterLevel|Stage', 'currentValue': 0.277, 'currentValueTime': '2024-07-10T04:00:00', 'updatedTime': '2024-07-10T04:36:36.52', 'units': 'm', 'updatePeriod': 'Unspecified', 'state': 2, 'waterLevelStatisticsType': 2, 'additionalDataObject': {'porMax': 1.098, 'datePORMax': '2012-11-24T21:45:00', 'porMin': 0.249, 'percentile95': 0.149, 'percentile5': 1.2, 'recentHighest': 1.098, 'dateHighest': '2012-11-24T21:45:00', 'datePORMin': '2011-08-29T18:15:00'}, 'twitterAccounts': [{'twitterApplication': 1, 'twitterUrl': 'http://twitter.com/riverlevel_0330', 'timelineWidgetId': '558299637736828928'}]}]",2
357,Bolingey Cocks Bridge,,50.33342672040814,-5.144355793755398,3,0,2024-07-10T06:35:57.987,"{'stationReference': '48110', 'catchmentName': 'West Cornwall', 'riverName': 'Bolingey Stream', 'elevation': 17, 'stationType': 'S', 'region': 'South West', 'ordinal': 0, 'siteId': '3173', 'stageDatum': '8.687', 'dateOpen': '2010-06-15T00:00:00', 'town': 'Bolingey', 'areaName': 'South West - Devon and Cornwall', 'rloIid': '3173', 'notation': '48110', 'wiskiID': 'E20513_FW'}","[{'id': 367, 'geoEntityId': 357, 'dataTypeId': 3, 'dataType': 'WaterLevel|Stage', 'currentValue': 0.217, 'currentValueTime': '2024-07-10T06:00:00', 'updatedTime': '2024-07-10T06:35:57.987', 'units': 'm', 'updatePeriod': 'Unspecified', 'state': 3, 'waterLevelStatisticsType': 2, 'additionalDataObject': {'porMax': 1.528, 'datePORMax': '2012-11-24T23:00:00', 'porMin': 0.188, 'percentile95': 0.135, 'percentile5': 1.09, 'recentHighest': 1.528, 'dateHighest': '2012-11-24T23:00:00', 'datePORMin': '2011-07-04T17:00:00'}, 'twitterAccounts': [{'twitterApplication': 1, 'twitterUrl': 'http://twitter.com/riverlevel_0332', 'timelineWidgetId': '559466896840720386'}]}]",2
358,Hayle Tideflap,,50.17582824777864,-5.4365402785583266,3,0,2024-07-10T11:09:33.64,"{'stationReference': '48113', 'catchmentName': 'West Cornwall', 'riverName': 'River Hayle (Tidal)', 'elevation': 3, 'stationType': 'C', 'region': 'South West', 'ordinal': 0, 'siteId': '3172', 'stageDatum': '1.34', 'dateOpen': '2001-09-01T00:00:00', 'town': 'Hayle', 'areaName': 'South West - Devon and Cornwall', 'rloIid': '3172', 'notation': '48113', 'wiskiID': 'T22796_FW'}","[{'id': 368, 'geoEntityId': 358, 'dataTypeId': 4, 'dataType': 'WaterLevel|TidalLevel', 'currentValue': 1.239, 'currentValueTime': '2024-07-10T10:30:00', 'updatedTime': '2024-07-10T11:09:33.64', 'units': 'm', 'updatePeriod': 'Unspecified', 'state': 2, 'waterLevelStatisticsType': 4, 'additionalDataObject': {'id': 358, 'porMax': 4.525, 'stageDatum': 1.34, 'datePORMax': '2012-04-10T07:30:00'}, 'twitterAccounts': [{'twitterApplication': 1, 'twitterUrl': 'http://twitter.com/riverlevel_2344', 'timelineWidgetId': '559180284089077760'}]}]",4
361,Loe Pool,,50.08362928764665,-5.291197241910692,3,0,2024-07-09T04:38:35.72,"{'stationReference': '48117', 'catchmentName': 'West Cornwall', 'riverName': 'River Cober', 'elevation': 5, 'stationType': 'S', 'region': 'South West', 'ordinal': 200, 'riverGroupingId': 0, 'riverGroupingName': 'River Cober', 'siteId': '3169', 'stageDatum': '0', 'dateOpen': '1997-01-01T00:00:00', 'town': 'Helston', 'areaName': 'South West - Devon and Cornwall', 'rloIid': '3169', 'notation': '48117', 'wiskiID': 'S20595_FW'}","[{'id': 371, 'geoEntityId': 361, 'dataTypeId': 3, 'dataType': 'WaterLevel|Stage', 'currentValue': 3.533, 'currentValueTime': '2024-07-09T04:00:00', 'updatedTime': '2024-07-09T04:38:35.72', 'units': 'm', 'updatePeriod': 'Unspecified', 'state': 1, 'waterLevelStatisticsType': 2, 'additionalDataObject': {'porMax': 5.782, 'datePORMax': '2012-12-25T05:45:00', 'porMin': 3.373, 'percentile95': 3.4, 'percentile5': 4.7, 'recentHighest': 5.773, 'dateHighest': '2012-12-25T05:45:00', 'datePORMin': '2012-08-20T08:15:00'}, 'twitterAccounts': [{'twitterApplication': 1, 'twitterUrl': 'http://twitter.com/riverlevel_0335', 'timelineWidgetId': '558303131155832832'}]}]",2
362,Perrancoombe,,50.34020509913002,-5.1574544526351325,3,0,2024-07-10T04:36:22.4,"{'stationReference': '48121', 'catchmentName': 'West Cornwall', 'riverName': 'Perrancombe Stream', 'elevation': 18, 'stationType': 'S', 'region': 'South West', 'ordinal': 100, 'riverGroupingId': 0, 'riverGroupingName': 'Perrancombe Stream', 'siteId': '3168', 'stageDatum': '0', 'dateOpen': '1997-01-01T00:00:00', 'town': 'Perranporth', 'areaName': 'South West - Devon and Cornwall', 'rloIid': '3168', 'notation': '48121', 'wiskiID': 'S23536_FW'}","[{'id': 372, 'geoEntityId': 362, 'dataTypeId': 3, 'dataType': 'WaterLevel|Stage', 'currentValue': 0.213, 'currentValueTime': '2024-07-10T04:00:00', 'updatedTime': '2024-07-10T04:36:22.4', 'units': 'm', 'updatePeriod': 'Unspecified', 'state': 3, 'waterLevelStatisticsType': 2, 'additionalDataObject': {'porMax': 0.938, 'datePORMax': '2000-12-07T18:30:00', 'porMin': 0.0, 'percentile95': 0.01, 'percentile5': 1.0, 'recentHighest': 0.907, 'dateHighest': '2012-11-24T21:00:00', 'datePORMin': '2004-10-01T09:00:00'}, 'twitterAccounts': [{'twitterApplication': 1, 'twitterUrl': 'http://twitter.com/riverlevel_0336', 'timelineWidgetId': '558305433774206976'}]}]",2
364,Relubbus,,50.137449525867524,-5.406953909356672,3,0,2024-07-10T11:34:52,"{'stationReference': '48124', 'catchmentName': 'West Cornwall', 'riverName': 'River Hayle', 'elevation': 17, 'stationType': 'S', 'region': 'South West', 'ordinal': 0, 'riverGroupingId': 0, 'riverGroupingName': 'River Hayle', 'siteId': '3166', 'stageDatum': '16.2', 'dateOpen': '1999-01-01T00:00:00', 'town': 'Relubbus', 'areaName': 'South West - Devon and Cornwall', 'rloIid': '3166', 'notation': '48124', 'wiskiID': 'S22529_FW'}","[{'id': 374, 'geoEntityId': 364, 'dataTypeId': 3, 'dataType': 'WaterLevel|Stage', 'currentValue': 0.102, 'currentValueTime': '2024-07-10T10:45:00', 'updatedTime': '2024-07-10T11:34:52', 'units': 'm', 'updatePeriod': 'Unspecified', 'state': 1, 'waterLevelStatisticsType': 2, 'additionalDataObject': {'porMax': 1.529, 'datePORMax': '2012-12-22T09:00:00', 'porMin': 0.044, 'percentile95': 0.085, 'percentile5': 0.75, 'recentHighest': 1.529, 'dateHighest': '2012-12-22T09:00:00', 'datePORMin': '2005-08-31T21:00:00'}, 'twitterAccounts': [{'twitterApplication': 1, 'twitterUrl': 'http://twitter.com/riverlevel_0338', 'timelineWidgetId': '558309005651881986'}]}]",2
365,St Erth,,50.156890213222965,-5.432912368110967,3,0,2024-07-10T06:36:00.45,"{'stationReference': '48125', 'catchmentName': 'West Cornwall', 'riverName': 'River Hayle', 'elevation': 5, 'stationType': 'S', 'region': 'South West', 'ordinal': 100, 'riverGroupingId': 0, 'riverGroupingName': 'River Hayle', 'siteId': '3165', 'stageDatum': '3.51', 'dateOpen': '1968-01-03T00:00:00', 'town': 'St Erth', 'areaName': 'South West - Devon and Cornwall', 'rloIid': '3165', 'notation': '48125', 'wiskiID': 'SW53F051'}","[{'id': 375, 'geoEntityId': 365, 'dataTypeId': 3, 'dataType': 'WaterLevel|Stage', 'currentValue': 0.335, 'currentValueTime': '2024-07-10T06:00:00', 'updatedTime': '2024-07-10T06:36:00.45', 'units': 'm', 'updatePeriod': 'Unspecified', 'state': 3, 'waterLevelStatisticsType': 2, 'additionalDataObject': {'porMax': 1.295, 'datePORMax': '2012-12-22T09:30:00', 'porMin': 0.141, 'percentile95': 0.237, 'percentile5': 0.8, 'recentHighest': 1.295, 'dateHighest': '2012-12-22T09:30:00', 'datePORMin': '1976-08-28T18:30:00'}, 'twitterAccounts': [{'twitterApplication': 1, 'twitterUrl': 'http://twitter.com/riverlevel_0339', 'timelineWidgetId': '559469092374347777'}]}]",2
370,Boscadjack,,50.1311344368663,-5.255313646180092,3,0,2024-07-10T04:41:33.77,"{'stationReference': '48138', 'catchmentName': 'West Cornwall', 'riverName': 'River Cober', 'elevation': 113, 'stationType': 'S', 'region': 'South West', 'ordinal': 0, 'riverGroupingId': 0, 'riverGroupingName': 'River Cober', 'siteId': '3160', 'stageDatum': '103.16', 'dateOpen': '1997-01-01T00:00:00', 'town': 'Wendron', 'areaName': 'South West - Devon and Cornwall', 'rloIid': '3160', 'notation': '48138', 'wiskiID': 'S20594_FW'}","[{'id': 380, 'geoEntityId': 370, 'dataTypeId': 3, 'dataType': 'WaterLevel|Stage', 'currentValue': 0.333, 'currentValueTime': '2024-07-10T04:00:00', 'updatedTime': '2024-07-10T04:41:33.77', 'units': 'm', 'updatePeriod': 'Unspecified', 'state': 3, 'waterLevelStatisticsType': 2, 'additionalDataObject': {'porMax': 1.798, 'datePORMax': '2003-01-01T14:45:00', 'porMin': 0.013, 'percentile95': 0.133, 'percentile5': 1.1, 'recentHighest': 1.544, 'dateHighest': '2012-11-25T04:00:00', 'datePORMin': '2010-09-21T13:30:00'}, 'twitterAccounts': None}]",2
375,St Ives Tide,,50.21524138306994,-5.476415727519597,3,0,2024-07-10T04:47:02.78,"{'stationReference': '48160', 'catchmentName': 'West Cornwall', 'riverName': 'North Cornwall Coast', 'elevation': 5, 'stationType': 'C', 'region': 'South West', 'ordinal': 0, 'riverGroupingId': 0, 'riverGroupingName': 'North Cornwall Coast', 'siteId': '3154', 'stageDatum': '0', 'dateOpen': '2007-01-25T00:00:00', 'town': 'St Ives', 'areaName': 'South West - Devon and Cornwall', 'rloIid': '3154', 'notation': '48160', 'wiskiID': 'T2211'}","[{'id': 385, 'geoEntityId': 375, 'dataTypeId': 4, 'dataType': 'WaterLevel|TidalLevel', 'currentValue': -0.454, 'currentValueTime': '2024-07-10T04:15:00', 'updatedTime': '2024-07-10T04:47:02.78', 'units': 'mAOD', 'updatePeriod': 'Unspecified', 'state': 2, 'waterLevelStatisticsType': 4, 'additionalDataObject': {'id': 375, 'porMax': 4.537, 'stageDatum': 0.0, 'datePORMax': '2011-03-21T06:00:00'}, 'twitterAccounts': [{'twitterApplication': 1, 'twitterUrl': 'http://twitter.com/riverlevel_2360', 'timelineWidgetId': '558065743791927300'}]}]",4
1335,Helston County Bridge,,50.10003852062905,-5.279763102677535,3,0,2024-07-10T10:34:29.32,"{'stationReference': '48172', 'catchmentName': 'West Cornwall', 'riverName': 'Cober', 'elevation': 10, 'stationType': 'S', 'region': 'South West', 'ordinal': 0, 'siteId': '3338', 'stageDatum': '4.504', 'dateOpen': '2009-07-01T00:00:00', 'town': 'Helston', 'areaName': 'South West - Devon and Cornwall', 'rloIid': '3338', 'notation': '48172', 'wiskiID': 'S20599_FW'}","[{'id': 1479, 'geoEntityId': 1335, 'dataTypeId': 3, 'dataType': 'WaterLevel|Stage', 'currentValue': 0.392, 'currentValueTime': '2024-07-10T10:00:00', 'updatedTime': '2024-07-10T10:34:29.32', 'units': 'm', 'updatePeriod': 'Unspecified', 'state': 3, 'waterLevelStatisticsType': 2, 'additionalDataObject': {'porMax': 2.111, 'datePORMax': '2012-12-22T13:15:00', 'porMin': 0.158, 'percentile95': 0.232, 'percentile5': 1.4, 'recentHighest': 2.111, 'dateHighest': '2012-12-22T13:15:00', 'datePORMin': '2010-08-04T22:00:00'}, 'twitterAccounts': [{'twitterApplication': 1, 'twitterUrl': 'http://twitter.com/riverlevel_1265', 'timelineWidgetId': '555838822303674370'}]}]",2
1339,Gwithian,,50.22960367916785,-5.388672286805856,3,0,2024-07-10T06:42:39.953,"{'stationReference': '48186', 'catchmentName': 'West Cornwall', 'riverName': 'Red River', 'elevation': 7, 'stationType': 'S', 'region': 'South West', 'ordinal': 0, 'siteId': '3348', 'stageDatum': '0', 'dateOpen': '2011-08-22T00:00:00', 'town': 'Gwithian', 'areaName': 'South West - Devon and Cornwall', 'rloIid': '3389', 'notation': '48186', 'wiskiID': '23A24'}","[{'id': 1483, 'geoEntityId': 1339, 'dataTypeId': 3, 'dataType': 'WaterLevel|Stage', 'currentValue': 0.785, 'currentValueTime': '2024-07-10T06:00:00', 'updatedTime': '2024-07-10T06:42:39.953', 'units': 'm', 'updatePeriod': 'Unspecified', 'state': 3, 'waterLevelStatisticsType': 2, 'additionalDataObject': {'porMax': 1.38, 'datePORMax': '2012-11-25T05:00:00', 'porMin': 0.641, 'percentile95': 0.657, 'percentile5': 1.09, 'recentHighest': 1.38, 'dateHighest': '2012-11-25T05:00:00', 'datePORMin': '2012-03-28T19:00:00'}, 'twitterAccounts': [{'twitterApplication': 1, 'twitterUrl': 'http://twitter.com/riverlevel_1268', 'timelineWidgetId': '556966836638871552'}]}]",2
1340,St Ives Consols Farm,,50.20603242693192,-5.498454509159352,3,0,2024-07-10T11:35:10.477,"{'stationReference': '48187', 'catchmentName': 'West Cornwall', 'riverName': 'River Stennack', 'elevation': 102, 'stationType': 'S', 'region': 'South West', 'ordinal': 0, 'siteId': '3389', 'stageDatum': '0', 'dateOpen': '2008-10-15T00:00:00', 'notation': '48187', 'town': 'St Ives', 'areaName': 'South West - Devon and Cornwall', 'rloIid': '3418', 'wiskiID': '22A01'}","[{'id': 1484, 'geoEntityId': 1340, 'dataTypeId': 3, 'dataType': 'WaterLevel|Stage', 'currentValue': 0.087, 'currentValueTime': '2024-07-10T11:00:00', 'updatedTime': '2024-07-10T11:35:10.477', 'units': 'm', 'updatePeriod': 'Unspecified', 'state': 1, 'waterLevelStatisticsType': 2, 'additionalDataObject': {'porMax': 1.233, 'datePORMax': '2009-01-07T11:30:00', 'porMin': 0.002, 'percentile95': 0.028, 'percentile5': 0.659, 'dateHighest': '2009-04-25T00:45:00', 'datePORMin': '2010-05-27T11:30:00'}, 'twitterAccounts': None}]",2
1341,Penzance Alverton,,50.117386212401485,-5.5524267237753255,3,0,2024-07-10T06:54:58.68,"{'stationReference': '48188', 'catchmentName': 'West Cornwall', 'riverName': 'Lariggan River', 'elevation': 27, 'stationType': 'S', 'region': 'South West', 'ordinal': 0, 'siteId': '3390', 'stageDatum': '0', 'dateOpen': '2011-07-27T00:00:00', 'town': 'Penzance', 'areaName': 'South West - Devon and Cornwall', 'rloIid': '3390', 'notation': '48188', 'wiskiID': '21A14'}","[{'id': 1485, 'geoEntityId': 1341, 'dataTypeId': 3, 'dataType': 'WaterLevel|Stage', 'currentValue': 0.109, 'currentValueTime': '2024-07-10T06:15:00', 'updatedTime': '2024-07-10T06:54:58.68', 'units': 'm', 'updatePeriod': 'Unspecified', 'state': 1, 'waterLevelStatisticsType': 2, 'additionalDataObject': {'porMax': 0.676, 'datePORMax': '2013-03-21T20:00:00', 'porMin': 0.044, 'percentile95': 0.051, 'percentile5': 0.3, 'recentHighest': 0.676, 'dateHighest': '2013-03-21T20:00:00', 'datePORMin': '2011-09-08T17:15:00'}, 'twitterAccounts': [{'twitterApplication': 1, 'twitterUrl': 'http://twitter.com/riverlevel_1270', 'timelineWidgetId': '556968935749607424'}]}]",2
1342,Penzance Tesco,,50.126760755170416,-5.525300289152348,3,0,2024-07-10T06:41:01.247,"{'stationReference': '48189', 'catchmentName': 'West Cornwall', 'riverName': 'Ponsandane Stream', 'elevation': 4, 'stationType': 'S', 'region': 'South West', 'ordinal': 0, 'siteId': '3391', 'stageDatum': '0', 'dateOpen': '2011-07-27T00:00:00', 'town': 'Penzance', 'areaName': 'South West - Devon and Cornwall', 'rloIid': '3391', 'notation': '48189', 'wiskiID': '21A13'}","[{'id': 1486, 'geoEntityId': 1342, 'dataTypeId': 3, 'dataType': 'WaterLevel|Stage', 'currentValue': 0.217, 'currentValueTime': '2024-07-10T06:00:00', 'updatedTime': '2024-07-10T06:41:01.247', 'units': 'm', 'updatePeriod': 'Unspecified', 'state': 1, 'waterLevelStatisticsType': 2, 'additionalDataObject': {'porMax': 1.277, 'datePORMax': '2014-02-03T07:15:00', 'porMin': 0.172, 'percentile95': 0.187, 'percentile5': 0.85, 'recentHighest': 1.277, 'dateHighest': '2014-02-03T07:15:00', 'datePORMin': '2011-09-01T01:30:00'}, 'twitterAccounts': [{'twitterApplication': 1, 'twitterUrl': 'http://twitter.com/riverlevel_1271', 'timelineWidgetId': '556971359541411840'}]}]",2
8227,TRENEAR,Discovered,50.1313,-5.33842,3,0,2024-07-10T04:37:22.763,"{'stationReference': '48126', 'catchmentName': 'West Cornwall', 'riverName': 'River Cober', 'stationType': 'S', 'region': 'South West', 'elevation': 102, 'ordinal': 100, 'siteId': '3392', 'stageDatum': '0', 'dateOpen': '1998-02-13T00:00:00', 'town': 'Wendron', 'areaName': 'South West - Devon and Cornwall', 'rloIid': '3392', 'notation': '48126', 'wiskiID': 'SW63F042'}","[{'id': 3573, 'geoEntityId': 8227, 'dataTypeId': 3, 'dataType': 'WaterLevel|Stage', 'currentValue': 0.411, 'currentValueTime': '2024-07-10T04:00:00', 'updatedTime': '2024-07-10T04:37:22.763', 'units': 'm', 'updatePeriod': 'Unspecified', 'state': 3, 'waterLevelStatisticsType': 2, 'additionalDataObject': {'porMax': 1.319, 'datePORMax': '2003-01-01T14:15:00', 'porMin': 0.271, 'percentile95': 0.354, 'percentile5': 1.0, 'recentHighest': 1.313, 'dateHighest': '2012-12-22T10:15:00', 'datePORMin': '2001-09-21T10:45:00'}, 'twitterAccounts': [{'twitterApplication': 1, 'twitterUrl': 'http://twitter.com/riverlevel_2064', 'timelineWidgetId': '560581036938371072'}]}]",2
14453,PORTREATH,Discovered,50.2601,-5.27922,3,0,2024-07-10T06:42:17.227,"{'stationReference': '48174', 'catchmentName': 'West Cornwall', 'riverName': 'Portreath Stream', 'stationType': 'S', 'region': 'South West', 'elevation': 72, 'ordinal': 0, 'riverGroupingId': 0, 'riverGroupingName': 'Portreath Stream', 'siteId': '3342', 'stageDatum': '0', 'dateOpen': '2008-06-01T00:00:00', 'notation': '48174'}","[{'id': 9882, 'geoEntityId': 14453, 'dataTypeId': 3, 'dataType': 'WaterLevel|Stage', 'currentValue': 0.109, 'currentValueTime': '2024-07-10T06:00:00', 'updatedTime': '2024-07-10T06:37:19.053', 'units': 'm', 'updatePeriod': 'Unspecified', 'state': 3, 'waterLevelStatisticsType': 2, 'additionalDataObject': {'porMax': 1.556, 'datePORMax': '2009-11-13T14:30:00', 'porMin': 0.033, 'percentile95': 0.063, 'percentile5': 0.384, 'recentHighest': 1.556, 'dateHighest': '2009-11-13T14:30:00'}, 'twitterAccounts': [{'twitterApplication': 1, 'twitterUrl': 'http://twitter.com/riverlevel_2305', 'timelineWidgetId': '555980739083501568'}]}, {'id': 14277, 'geoEntityId': 14453, 'dataTypeId': 27, 'dataType': 'WaterLevel|DownstreamStage', 'currentValue': 0.014, 'currentValueTime': '2024-07-10T06:00:00', 'updatedTime': '2024-07-10T06:42:17.227', 'units': 'm', 'updatePeriod': 'Unspecified', 'state': 1, 'waterLevelStatisticsType': 4, 'additionalDataObject': {'id': 27}, 'twitterAccounts': [{'twitterApplication': 1, 'twitterUrl': 'http://twitter.com/riverlevel_2305', 'timelineWidgetId': '555980739083501568'}]}]",2
14454,PENBERTH,Discovered,50.0503,-5.63347,3,0,2024-07-10T06:42:52.647,"{'stationReference': '48173', 'catchmentName': 'West Cornwall', 'riverName': 'Penberth Stream', 'stationType': 'S', 'region': 'South West', 'elevation': 46, 'ordinal': 0, 'riverGroupingId': 0, 'riverGroupingName': 'Penberth Stream', 'siteId': '3339', 'stageDatum': '0', 'dateOpen': '1994-01-10T00:00:00', 'town': 'Penberth', 'areaName': 'South West - Devon and Cornwall', 'rloIid': '3339', 'notation': '48173', 'wiskiID': 'SW42F895'}","[{'id': 9883, 'geoEntityId': 14454, 'dataTypeId': 3, 'dataType': 'WaterLevel|Stage', 'currentValue': 0.293, 'currentValueTime': '2024-07-10T06:00:00', 'updatedTime': '2024-07-10T06:42:52.647', 'units': 'm', 'updatePeriod': 'Unspecified', 'state': 1, 'waterLevelStatisticsType': 2, 'additionalDataObject': {'porMax': 0.97, 'datePORMax': '2003-01-01T09:45:00', 'porMin': 0.151, 'percentile95': 0.192, 'percentile5': 0.675, 'recentHighest': 0.71, 'dateHighest': '2009-02-09T22:45:00', 'datePORMin': '2005-09-04T05:15:00'}, 'twitterAccounts': [{'twitterApplication': 1, 'twitterUrl': 'http://twitter.com/riverlevel_2306', 'timelineWidgetId': '561034553524248577'}]}]",2
